dissimilarity_1_0 deg,dissimilarity_1_45 deg,dissimilarity_1_90 deg,dissimilarity_1_135 deg,dissimilarity_3_0 deg,dissimilarity_3_45 deg,dissimilarity_3_90 deg,dissimilarity_3_135 deg,dissimilarity_5_0 deg,dissimilarity_5_45 deg,dissimilarity_5_90 deg,dissimilarity_5_135 deg,correlation_1_0 deg,correlation_1_45 deg,correlation_1_90 deg,correlation_1_135 deg,correlation_3_0 deg,correlation_3_45 deg,correlation_3_90 deg,correlation_3_135 deg,correlation_5_0 deg,correlation_5_45 deg,correlation_5_90 deg,correlation_5_135 deg,contrast_1_0 deg,contrast_1_45 deg,contrast_1_90 deg,contrast_1_135 deg,contrast_3_0 deg,contrast_3_45 deg,contrast_3_90 deg,contrast_3_135 deg,contrast_5_0 deg,contrast_5_45 deg,contrast_5_90 deg,contrast_5_135 deg,energy_1_0 deg,energy_1_45 deg,energy_1_90 deg,energy_1_135 deg,energy_3_0 deg,energy_3_45 deg,energy_3_90 deg,energy_3_135 deg,energy_5_0 deg,energy_5_45 deg,energy_5_90 deg,energy_5_135 deg,homogeneity_1_0 deg,homogeneity_1_45 deg,homogeneity_1_90 deg,homogeneity_1_135 deg,homogeneity_3_0 deg,homogeneity_3_45 deg,homogeneity_3_90 deg,homogeneity_3_135 deg,homogeneity_5_0 deg,homogeneity_5_45 deg,homogeneity_5_90 deg,homogeneity_5_135 deg,ASM_1_0 deg,ASM_1_45 deg,ASM_1_90 deg,ASM_1_135 deg,ASM_3_0 deg,ASM_3_45 deg,ASM_3_90 deg,ASM_3_135 deg,ASM_5_0 deg,ASM_5_45 deg,ASM_5_90 deg,ASM_5_135 deg,Category
0.7901678978042822,1.8175716891243527,1.7004042591975208,1.7495603434214657,1.387845702044202,3.1011598757563,4.078531488562554,2.987808188702835,1.7654751984234722,5.013822925848102,5.523611128069056,4.902035377617945,0.9910339479476779,0.951956046524855,0.9568087356188775,0.9556489616964725,0.9732044729117337,0.8610379036627736,0.7694984032292423,0.8708086691584539,0.9568902820360801,0.676150138575774,0.624252090099796,0.6889490921983983,1.3771167660612615,7.37809203237636,6.633749180063469,6.810972286065931,4.114464912030846,21.334256869334187,35.392167266674754,19.83419158679308,6.617631051780127,49.69006217464568,57.67475449995807,47.72624549614097,0.09574345547922887,0.06855314081903306,0.07148605991071186,0.06974809984254324,0.07522621875364399,0.05440218567467003,0.048063868631035254,0.05542654114353832,0.06745090423449117,0.04299958507956497,0.04090286236851138,0.04347109446464511,0.6597222286019963,0.47214787607011066,0.49575481140022526,0.4805584589725611,0.5172047975111662,0.35599255956481424,0.2974413434360356,0.3642406226957849,0.45569243123928344,0.2446868872290011,0.22167542903371854,0.24928508320833512,0.00916680926710308,0.004699533116154178,0.005110256761557885,0.00486479743164538,0.005658983987971098,0.002959597806181273,0.002310135467781415,0.003072101463136347,0.004549624482050498,0.0018489643170147465,0.0016730441499373842,0.0018897360539540985,sonoma
0.7901678978042822,1.8175716891243527,1.7004042591975208,1.7495603434214657,1.387845702044202,3.1011598757563,4.078531488562554,2.987808188702835,1.7654751984234722,5.013822925848102,5.523611128069056,4.902035377617945,0.9910339479476779,0.951956046524855,0.9568087356188775,0.9556489616964725,0.9732044729117337,0.8610379036627736,0.7694984032292423,0.8708086691584539,0.9568902820360801,0.676150138575774,0.624252090099796,0.6889490921983983,1.3771167660612615,7.37809203237636,6.633749180063469,6.810972286065931,4.114464912030846,21.334256869334187,35.392167266674754,19.83419158679308,6.617631051780127,49.69006217464568,57.67475449995807,47.72624549614097,0.09574345547922887,0.06855314081903306,0.07148605991071186,0.06974809984254324,0.07522621875364399,0.05440218567467003,0.048063868631035254,0.05542654114353832,0.06745090423449117,0.04299958507956497,0.04090286236851138,0.04347109446464511,0.6597222286019963,0.47214787607011066,0.49575481140022526,0.4805584589725611,0.5172047975111662,0.35599255956481424,0.2974413434360356,0.3642406226957849,0.45569243123928344,0.2446868872290011,0.22167542903371854,0.24928508320833512,0.00916680926710308,0.004699533116154178,0.005110256761557885,0.00486479743164538,0.005658983987971098,0.002959597806181273,0.002310135467781415,0.003072101463136347,0.004549624482050498,0.0018489643170147465,0.0016730441499373842,0.0018897360539540985,sonoma
0.7901678978042822,1.8175716891243527,1.7004042591975208,1.7495603434214657,1.387845702044202,3.1011598757563,4.078531488562554,2.987808188702835,1.7654751984234722,5.013822925848102,5.523611128069056,4.902035377617945,0.9910339479476779,0.951956046524855,0.9568087356188775,0.9556489616964725,0.9732044729117337,0.8610379036627736,0.7694984032292423,0.8708086691584539,0.9568902820360801,0.676150138575774,0.624252090099796,0.6889490921983983,1.3771167660612615,7.37809203237636,6.633749180063469,6.810972286065931,4.114464912030846,21.334256869334187,35.392167266674754,19.83419158679308,6.617631051780127,49.69006217464568,57.67475449995807,47.72624549614097,0.09574345547922887,0.06855314081903306,0.07148605991071186,0.06974809984254324,0.07522621875364399,0.05440218567467003,0.048063868631035254,0.05542654114353832,0.06745090423449117,0.04299958507956497,0.04090286236851138,0.04347109446464511,0.6597222286019963,0.47214787607011066,0.49575481140022526,0.4805584589725611,0.5172047975111662,0.35599255956481424,0.2974413434360356,0.3642406226957849,0.45569243123928344,0.2446868872290011,0.22167542903371854,0.24928508320833512,0.00916680926710308,0.004699533116154178,0.005110256761557885,0.00486479743164538,0.005658983987971098,0.002959597806181273,0.002310135467781415,0.003072101463136347,0.004549624482050498,0.0018489643170147465,0.0016730441499373842,0.0018897360539540985,sonoma
0.7901678978042822,1.8175716891243527,1.7004042591975208,1.7495603434214657,1.387845702044202,3.1011598757563,4.078531488562554,2.987808188702835,1.7654751984234722,5.013822925848102,5.523611128069056,4.902035377617945,0.9910339479476779,0.951956046524855,0.9568087356188775,0.9556489616964725,0.9732044729117337,0.8610379036627736,0.7694984032292423,0.8708086691584539,0.9568902820360801,0.676150138575774,0.624252090099796,0.6889490921983983,1.3771167660612615,7.37809203237636,6.633749180063469,6.810972286065931,4.114464912030846,21.334256869334187,35.392167266674754,19.83419158679308,6.617631051780127,49.69006217464568,57.67475449995807,47.72624549614097,0.09574345547922887,0.06855314081903306,0.07148605991071186,0.06974809984254324,0.07522621875364399,0.05440218567467003,0.048063868631035254,0.05542654114353832,0.06745090423449117,0.04299958507956497,0.04090286236851138,0.04347109446464511,0.6597222286019963,0.47214787607011066,0.49575481140022526,0.4805584589725611,0.5172047975111662,0.35599255956481424,0.2974413434360356,0.3642406226957849,0.45569243123928344,0.2446868872290011,0.22167542903371854,0.24928508320833512,0.00916680926710308,0.004699533116154178,0.005110256761557885,0.00486479743164538,0.005658983987971098,0.002959597806181273,0.002310135467781415,0.003072101463136347,0.004549624482050498,0.0018489643170147465,0.0016730441499373842,0.0018897360539540985,sonoma
0.7901678978042822,1.8175716891243527,1.7004042591975208,1.7495603434214657,1.387845702044202,3.1011598757563,4.078531488562554,2.987808188702835,1.7654751984234722,5.013822925848102,5.523611128069056,4.902035377617945,0.9910339479476779,0.951956046524855,0.9568087356188775,0.9556489616964725,0.9732044729117337,0.8610379036627736,0.7694984032292423,0.8708086691584539,0.9568902820360801,0.676150138575774,0.624252090099796,0.6889490921983983,1.3771167660612615,7.37809203237636,6.633749180063469,6.810972286065931,4.114464912030846,21.334256869334187,35.392167266674754,19.83419158679308,6.617631051780127,49.69006217464568,57.67475449995807,47.72624549614097,0.09574345547922887,0.06855314081903306,0.07148605991071186,0.06974809984254324,0.07522621875364399,0.05440218567467003,0.048063868631035254,0.05542654114353832,0.06745090423449117,0.04299958507956497,0.04090286236851138,0.04347109446464511,0.6597222286019963,0.47214787607011066,0.49575481140022526,0.4805584589725611,0.5172047975111662,0.35599255956481424,0.2974413434360356,0.3642406226957849,0.45569243123928344,0.2446868872290011,0.22167542903371854,0.24928508320833512,0.00916680926710308,0.004699533116154178,0.005110256761557885,0.00486479743164538,0.005658983987971098,0.002959597806181273,0.002310135467781415,0.003072101463136347,0.004549624482050498,0.0018489643170147465,0.0016730441499373842,0.0018897360539540985,sonoma
0.7901678978042822,1.8175716891243527,1.7004042591975208,1.7495603434214657,1.387845702044202,3.1011598757563,4.078531488562554,2.987808188702835,1.7654751984234722,5.013822925848102,5.523611128069056,4.902035377617945,0.9910339479476779,0.951956046524855,0.9568087356188775,0.9556489616964725,0.9732044729117337,0.8610379036627736,0.7694984032292423,0.8708086691584539,0.9568902820360801,0.676150138575774,0.624252090099796,0.6889490921983983,1.3771167660612615,7.37809203237636,6.633749180063469,6.810972286065931,4.114464912030846,21.334256869334187,35.392167266674754,19.83419158679308,6.617631051780127,49.69006217464568,57.67475449995807,47.72624549614097,0.09574345547922887,0.06855314081903306,0.07148605991071186,0.06974809984254324,0.07522621875364399,0.05440218567467003,0.048063868631035254,0.05542654114353832,0.06745090423449117,0.04299958507956497,0.04090286236851138,0.04347109446464511,0.6597222286019963,0.47214787607011066,0.49575481140022526,0.4805584589725611,0.5172047975111662,0.35599255956481424,0.2974413434360356,0.3642406226957849,0.45569243123928344,0.2446868872290011,0.22167542903371854,0.24928508320833512,0.00916680926710308,0.004699533116154178,0.005110256761557885,0.00486479743164538,0.005658983987971098,0.002959597806181273,0.002310135467781415,0.003072101463136347,0.004549624482050498,0.0018489643170147465,0.0016730441499373842,0.0018897360539540985,sonoma
0.7901678978042822,1.8175716891243527,1.7004042591975208,1.7495603434214657,1.387845702044202,3.1011598757563,4.078531488562554,2.987808188702835,1.7654751984234722,5.013822925848102,5.523611128069056,4.902035377617945,0.9910339479476779,0.951956046524855,0.9568087356188775,0.9556489616964725,0.9732044729117337,0.8610379036627736,0.7694984032292423,0.8708086691584539,0.9568902820360801,0.676150138575774,0.624252090099796,0.6889490921983983,1.3771167660612615,7.37809203237636,6.633749180063469,6.810972286065931,4.114464912030846,21.334256869334187,35.392167266674754,19.83419158679308,6.617631051780127,49.69006217464568,57.67475449995807,47.72624549614097,0.09574345547922887,0.06855314081903306,0.07148605991071186,0.06974809984254324,0.07522621875364399,0.05440218567467003,0.048063868631035254,0.05542654114353832,0.06745090423449117,0.04299958507956497,0.04090286236851138,0.04347109446464511,0.6597222286019963,0.47214787607011066,0.49575481140022526,0.4805584589725611,0.5172047975111662,0.35599255956481424,0.2974413434360356,0.3642406226957849,0.45569243123928344,0.2446868872290011,0.22167542903371854,0.24928508320833512,0.00916680926710308,0.004699533116154178,0.005110256761557885,0.00486479743164538,0.005658983987971098,0.002959597806181273,0.002310135467781415,0.003072101463136347,0.004549624482050498,0.0018489643170147465,0.0016730441499373842,0.0018897360539540985,sonoma
0.7901678978042822,1.8175716891243527,1.7004042591975208,1.7495603434214657,1.387845702044202,3.1011598757563,4.078531488562554,2.987808188702835,1.7654751984234722,5.013822925848102,5.523611128069056,4.902035377617945,0.9910339479476779,0.951956046524855,0.9568087356188775,0.9556489616964725,0.9732044729117337,0.8610379036627736,0.7694984032292423,0.8708086691584539,0.9568902820360801,0.676150138575774,0.624252090099796,0.6889490921983983,1.3771167660612615,7.37809203237636,6.633749180063469,6.810972286065931,4.114464912030846,21.334256869334187,35.392167266674754,19.83419158679308,6.617631051780127,49.69006217464568,57.67475449995807,47.72624549614097,0.09574345547922887,0.06855314081903306,0.07148605991071186,0.06974809984254324,0.07522621875364399,0.05440218567467003,0.048063868631035254,0.05542654114353832,0.06745090423449117,0.04299958507956497,0.04090286236851138,0.04347109446464511,0.6597222286019963,0.47214787607011066,0.49575481140022526,0.4805584589725611,0.5172047975111662,0.35599255956481424,0.2974413434360356,0.3642406226957849,0.45569243123928344,0.2446868872290011,0.22167542903371854,0.24928508320833512,0.00916680926710308,0.004699533116154178,0.005110256761557885,0.00486479743164538,0.005658983987971098,0.002959597806181273,0.002310135467781415,0.003072101463136347,0.004549624482050498,0.0018489643170147465,0.0016730441499373842,0.0018897360539540985,sonoma
0.7901678978042822,1.8175716891243527,1.7004042591975208,1.7495603434214657,1.387845702044202,3.1011598757563,4.078531488562554,2.987808188702835,1.7654751984234722,5.013822925848102,5.523611128069056,4.902035377617945,0.9910339479476779,0.951956046524855,0.9568087356188775,0.9556489616964725,0.9732044729117337,0.8610379036627736,0.7694984032292423,0.8708086691584539,0.9568902820360801,0.676150138575774,0.624252090099796,0.6889490921983983,1.3771167660612615,7.37809203237636,6.633749180063469,6.810972286065931,4.114464912030846,21.334256869334187,35.392167266674754,19.83419158679308,6.617631051780127,49.69006217464568,57.67475449995807,47.72624549614097,0.09574345547922887,0.06855314081903306,0.07148605991071186,0.06974809984254324,0.07522621875364399,0.05440218567467003,0.048063868631035254,0.05542654114353832,0.06745090423449117,0.04299958507956497,0.04090286236851138,0.04347109446464511,0.6597222286019963,0.47214787607011066,0.49575481140022526,0.4805584589725611,0.5172047975111662,0.35599255956481424,0.2974413434360356,0.3642406226957849,0.45569243123928344,0.2446868872290011,0.22167542903371854,0.24928508320833512,0.00916680926710308,0.004699533116154178,0.005110256761557885,0.00486479743164538,0.005658983987971098,0.002959597806181273,0.002310135467781415,0.003072101463136347,0.004549624482050498,0.0018489643170147465,0.0016730441499373842,0.0018897360539540985,sonoma
0.7901678978042822,1.8175716891243527,1.7004042591975208,1.7495603434214657,1.387845702044202,3.1011598757563,4.078531488562554,2.987808188702835,1.7654751984234722,5.013822925848102,5.523611128069056,4.902035377617945,0.9910339479476779,0.951956046524855,0.9568087356188775,0.9556489616964725,0.9732044729117337,0.8610379036627736,0.7694984032292423,0.8708086691584539,0.9568902820360801,0.676150138575774,0.624252090099796,0.6889490921983983,1.3771167660612615,7.37809203237636,6.633749180063469,6.810972286065931,4.114464912030846,21.334256869334187,35.392167266674754,19.83419158679308,6.617631051780127,49.69006217464568,57.67475449995807,47.72624549614097,0.09574345547922887,0.06855314081903306,0.07148605991071186,0.06974809984254324,0.07522621875364399,0.05440218567467003,0.048063868631035254,0.05542654114353832,0.06745090423449117,0.04299958507956497,0.04090286236851138,0.04347109446464511,0.6597222286019963,0.47214787607011066,0.49575481140022526,0.4805584589725611,0.5172047975111662,0.35599255956481424,0.2974413434360356,0.3642406226957849,0.45569243123928344,0.2446868872290011,0.22167542903371854,0.24928508320833512,0.00916680926710308,0.004699533116154178,0.005110256761557885,0.00486479743164538,0.005658983987971098,0.002959597806181273,0.002310135467781415,0.003072101463136347,0.004549624482050498,0.0018489643170147465,0.0016730441499373842,0.0018897360539540985,sonoma
0.7901678978042822,1.8175716891243527,1.7004042591975208,1.7495603434214657,1.387845702044202,3.1011598757563,4.078531488562554,2.987808188702835,1.7654751984234722,5.013822925848102,5.523611128069056,4.902035377617945,0.9910339479476779,0.951956046524855,0.9568087356188775,0.9556489616964725,0.9732044729117337,0.8610379036627736,0.7694984032292423,0.8708086691584539,0.9568902820360801,0.676150138575774,0.624252090099796,0.6889490921983983,1.3771167660612615,7.37809203237636,6.633749180063469,6.810972286065931,4.114464912030846,21.334256869334187,35.392167266674754,19.83419158679308,6.617631051780127,49.69006217464568,57.67475449995807,47.72624549614097,0.09574345547922887,0.06855314081903306,0.07148605991071186,0.06974809984254324,0.07522621875364399,0.05440218567467003,0.048063868631035254,0.05542654114353832,0.06745090423449117,0.04299958507956497,0.04090286236851138,0.04347109446464511,0.6597222286019963,0.47214787607011066,0.49575481140022526,0.4805584589725611,0.5172047975111662,0.35599255956481424,0.2974413434360356,0.3642406226957849,0.45569243123928344,0.2446868872290011,0.22167542903371854,0.24928508320833512,0.00916680926710308,0.004699533116154178,0.005110256761557885,0.00486479743164538,0.005658983987971098,0.002959597806181273,0.002310135467781415,0.003072101463136347,0.004549624482050498,0.0018489643170147465,0.0016730441499373842,0.0018897360539540985,sonoma
0.7901678978042822,1.8175716891243527,1.7004042591975208,1.7495603434214657,1.387845702044202,3.1011598757563,4.078531488562554,2.987808188702835,1.7654751984234722,5.013822925848102,5.523611128069056,4.902035377617945,0.9910339479476779,0.951956046524855,0.9568087356188775,0.9556489616964725,0.9732044729117337,0.8610379036627736,0.7694984032292423,0.8708086691584539,0.9568902820360801,0.676150138575774,0.624252090099796,0.6889490921983983,1.3771167660612615,7.37809203237636,6.633749180063469,6.810972286065931,4.114464912030846,21.334256869334187,35.392167266674754,19.83419158679308,6.617631051780127,49.69006217464568,57.67475449995807,47.72624549614097,0.09574345547922887,0.06855314081903306,0.07148605991071186,0.06974809984254324,0.07522621875364399,0.05440218567467003,0.048063868631035254,0.05542654114353832,0.06745090423449117,0.04299958507956497,0.04090286236851138,0.04347109446464511,0.6597222286019963,0.47214787607011066,0.49575481140022526,0.4805584589725611,0.5172047975111662,0.35599255956481424,0.2974413434360356,0.3642406226957849,0.45569243123928344,0.2446868872290011,0.22167542903371854,0.24928508320833512,0.00916680926710308,0.004699533116154178,0.005110256761557885,0.00486479743164538,0.005658983987971098,0.002959597806181273,0.002310135467781415,0.003072101463136347,0.004549624482050498,0.0018489643170147465,0.0016730441499373842,0.0018897360539540985,sonoma
0.7901678978042822,1.8175716891243527,1.7004042591975208,1.7495603434214657,1.387845702044202,3.1011598757563,4.078531488562554,2.987808188702835,1.7654751984234722,5.013822925848102,5.523611128069056,4.902035377617945,0.9910339479476779,0.951956046524855,0.9568087356188775,0.9556489616964725,0.9732044729117337,0.8610379036627736,0.7694984032292423,0.8708086691584539,0.9568902820360801,0.676150138575774,0.624252090099796,0.6889490921983983,1.3771167660612615,7.37809203237636,6.633749180063469,6.810972286065931,4.114464912030846,21.334256869334187,35.392167266674754,19.83419158679308,6.617631051780127,49.69006217464568,57.67475449995807,47.72624549614097,0.09574345547922887,0.06855314081903306,0.07148605991071186,0.06974809984254324,0.07522621875364399,0.05440218567467003,0.048063868631035254,0.05542654114353832,0.06745090423449117,0.04299958507956497,0.04090286236851138,0.04347109446464511,0.6597222286019963,0.47214787607011066,0.49575481140022526,0.4805584589725611,0.5172047975111662,0.35599255956481424,0.2974413434360356,0.3642406226957849,0.45569243123928344,0.2446868872290011,0.22167542903371854,0.24928508320833512,0.00916680926710308,0.004699533116154178,0.005110256761557885,0.00486479743164538,0.005658983987971098,0.002959597806181273,0.002310135467781415,0.003072101463136347,0.004549624482050498,0.0018489643170147465,0.0016730441499373842,0.0018897360539540985,sonoma
0.7901678978042822,1.8175716891243527,1.7004042591975208,1.7495603434214657,1.387845702044202,3.1011598757563,4.078531488562554,2.987808188702835,1.7654751984234722,5.013822925848102,5.523611128069056,4.902035377617945,0.9910339479476779,0.951956046524855,0.9568087356188775,0.9556489616964725,0.9732044729117337,0.8610379036627736,0.7694984032292423,0.8708086691584539,0.9568902820360801,0.676150138575774,0.624252090099796,0.6889490921983983,1.3771167660612615,7.37809203237636,6.633749180063469,6.810972286065931,4.114464912030846,21.334256869334187,35.392167266674754,19.83419158679308,6.617631051780127,49.69006217464568,57.67475449995807,47.72624549614097,0.09574345547922887,0.06855314081903306,0.07148605991071186,0.06974809984254324,0.07522621875364399,0.05440218567467003,0.048063868631035254,0.05542654114353832,0.06745090423449117,0.04299958507956497,0.04090286236851138,0.04347109446464511,0.6597222286019963,0.47214787607011066,0.49575481140022526,0.4805584589725611,0.5172047975111662,0.35599255956481424,0.2974413434360356,0.3642406226957849,0.45569243123928344,0.2446868872290011,0.22167542903371854,0.24928508320833512,0.00916680926710308,0.004699533116154178,0.005110256761557885,0.00486479743164538,0.005658983987971098,0.002959597806181273,0.002310135467781415,0.003072101463136347,0.004549624482050498,0.0018489643170147465,0.0016730441499373842,0.0018897360539540985,sonoma
0.7901678978042822,1.8175716891243527,1.7004042591975208,1.7495603434214657,1.387845702044202,3.1011598757563,4.078531488562554,2.987808188702835,1.7654751984234722,5.013822925848102,5.523611128069056,4.902035377617945,0.9910339479476779,0.951956046524855,0.9568087356188775,0.9556489616964725,0.9732044729117337,0.8610379036627736,0.7694984032292423,0.8708086691584539,0.9568902820360801,0.676150138575774,0.624252090099796,0.6889490921983983,1.3771167660612615,7.37809203237636,6.633749180063469,6.810972286065931,4.114464912030846,21.334256869334187,35.392167266674754,19.83419158679308,6.617631051780127,49.69006217464568,57.67475449995807,47.72624549614097,0.09574345547922887,0.06855314081903306,0.07148605991071186,0.06974809984254324,0.07522621875364399,0.05440218567467003,0.048063868631035254,0.05542654114353832,0.06745090423449117,0.04299958507956497,0.04090286236851138,0.04347109446464511,0.6597222286019963,0.47214787607011066,0.49575481140022526,0.4805584589725611,0.5172047975111662,0.35599255956481424,0.2974413434360356,0.3642406226957849,0.45569243123928344,0.2446868872290011,0.22167542903371854,0.24928508320833512,0.00916680926710308,0.004699533116154178,0.005110256761557885,0.00486479743164538,0.005658983987971098,0.002959597806181273,0.002310135467781415,0.003072101463136347,0.004549624482050498,0.0018489643170147465,0.0016730441499373842,0.0018897360539540985,sonoma
0.7901678978042822,1.8175716891243527,1.7004042591975208,1.7495603434214657,1.387845702044202,3.1011598757563,4.078531488562554,2.987808188702835,1.7654751984234722,5.013822925848102,5.523611128069056,4.902035377617945,0.9910339479476779,0.951956046524855,0.9568087356188775,0.9556489616964725,0.9732044729117337,0.8610379036627736,0.7694984032292423,0.8708086691584539,0.9568902820360801,0.676150138575774,0.624252090099796,0.6889490921983983,1.3771167660612615,7.37809203237636,6.633749180063469,6.810972286065931,4.114464912030846,21.334256869334187,35.392167266674754,19.83419158679308,6.617631051780127,49.69006217464568,57.67475449995807,47.72624549614097,0.09574345547922887,0.06855314081903306,0.07148605991071186,0.06974809984254324,0.07522621875364399,0.05440218567467003,0.048063868631035254,0.05542654114353832,0.06745090423449117,0.04299958507956497,0.04090286236851138,0.04347109446464511,0.6597222286019963,0.47214787607011066,0.49575481140022526,0.4805584589725611,0.5172047975111662,0.35599255956481424,0.2974413434360356,0.3642406226957849,0.45569243123928344,0.2446868872290011,0.22167542903371854,0.24928508320833512,0.00916680926710308,0.004699533116154178,0.005110256761557885,0.00486479743164538,0.005658983987971098,0.002959597806181273,0.002310135467781415,0.003072101463136347,0.004549624482050498,0.0018489643170147465,0.0016730441499373842,0.0018897360539540985,sonoma
0.7901678978042822,1.8175716891243527,1.7004042591975208,1.7495603434214657,1.387845702044202,3.1011598757563,4.078531488562554,2.987808188702835,1.7654751984234722,5.013822925848102,5.523611128069056,4.902035377617945,0.9910339479476779,0.951956046524855,0.9568087356188775,0.9556489616964725,0.9732044729117337,0.8610379036627736,0.7694984032292423,0.8708086691584539,0.9568902820360801,0.676150138575774,0.624252090099796,0.6889490921983983,1.3771167660612615,7.37809203237636,6.633749180063469,6.810972286065931,4.114464912030846,21.334256869334187,35.392167266674754,19.83419158679308,6.617631051780127,49.69006217464568,57.67475449995807,47.72624549614097,0.09574345547922887,0.06855314081903306,0.07148605991071186,0.06974809984254324,0.07522621875364399,0.05440218567467003,0.048063868631035254,0.05542654114353832,0.06745090423449117,0.04299958507956497,0.04090286236851138,0.04347109446464511,0.6597222286019963,0.47214787607011066,0.49575481140022526,0.4805584589725611,0.5172047975111662,0.35599255956481424,0.2974413434360356,0.3642406226957849,0.45569243123928344,0.2446868872290011,0.22167542903371854,0.24928508320833512,0.00916680926710308,0.004699533116154178,0.005110256761557885,0.00486479743164538,0.005658983987971098,0.002959597806181273,0.002310135467781415,0.003072101463136347,0.004549624482050498,0.0018489643170147465,0.0016730441499373842,0.0018897360539540985,sonoma
0.7901678978042822,1.8175716891243527,1.7004042591975208,1.7495603434214657,1.387845702044202,3.1011598757563,4.078531488562554,2.987808188702835,1.7654751984234722,5.013822925848102,5.523611128069056,4.902035377617945,0.9910339479476779,0.951956046524855,0.9568087356188775,0.9556489616964725,0.9732044729117337,0.8610379036627736,0.7694984032292423,0.8708086691584539,0.9568902820360801,0.676150138575774,0.624252090099796,0.6889490921983983,1.3771167660612615,7.37809203237636,6.633749180063469,6.810972286065931,4.114464912030846,21.334256869334187,35.392167266674754,19.83419158679308,6.617631051780127,49.69006217464568,57.67475449995807,47.72624549614097,0.09574345547922887,0.06855314081903306,0.07148605991071186,0.06974809984254324,0.07522621875364399,0.05440218567467003,0.048063868631035254,0.05542654114353832,0.06745090423449117,0.04299958507956497,0.04090286236851138,0.04347109446464511,0.6597222286019963,0.47214787607011066,0.49575481140022526,0.4805584589725611,0.5172047975111662,0.35599255956481424,0.2974413434360356,0.3642406226957849,0.45569243123928344,0.2446868872290011,0.22167542903371854,0.24928508320833512,0.00916680926710308,0.004699533116154178,0.005110256761557885,0.00486479743164538,0.005658983987971098,0.002959597806181273,0.002310135467781415,0.003072101463136347,0.004549624482050498,0.0018489643170147465,0.0016730441499373842,0.0018897360539540985,sonoma
0.7901678978042822,1.8175716891243527,1.7004042591975208,1.7495603434214657,1.387845702044202,3.1011598757563,4.078531488562554,2.987808188702835,1.7654751984234722,5.013822925848102,5.523611128069056,4.902035377617945,0.9910339479476779,0.951956046524855,0.9568087356188775,0.9556489616964725,0.9732044729117337,0.8610379036627736,0.7694984032292423,0.8708086691584539,0.9568902820360801,0.676150138575774,0.624252090099796,0.6889490921983983,1.3771167660612615,7.37809203237636,6.633749180063469,6.810972286065931,4.114464912030846,21.334256869334187,35.392167266674754,19.83419158679308,6.617631051780127,49.69006217464568,57.67475449995807,47.72624549614097,0.09574345547922887,0.06855314081903306,0.07148605991071186,0.06974809984254324,0.07522621875364399,0.05440218567467003,0.048063868631035254,0.05542654114353832,0.06745090423449117,0.04299958507956497,0.04090286236851138,0.04347109446464511,0.6597222286019963,0.47214787607011066,0.49575481140022526,0.4805584589725611,0.5172047975111662,0.35599255956481424,0.2974413434360356,0.3642406226957849,0.45569243123928344,0.2446868872290011,0.22167542903371854,0.24928508320833512,0.00916680926710308,0.004699533116154178,0.005110256761557885,0.00486479743164538,0.005658983987971098,0.002959597806181273,0.002310135467781415,0.003072101463136347,0.004549624482050498,0.0018489643170147465,0.0016730441499373842,0.0018897360539540985,sonoma
0.7901678978042822,1.8175716891243527,1.7004042591975208,1.7495603434214657,1.387845702044202,3.1011598757563,4.078531488562554,2.987808188702835,1.7654751984234722,5.013822925848102,5.523611128069056,4.902035377617945,0.9910339479476779,0.951956046524855,0.9568087356188775,0.9556489616964725,0.9732044729117337,0.8610379036627736,0.7694984032292423,0.8708086691584539,0.9568902820360801,0.676150138575774,0.624252090099796,0.6889490921983983,1.3771167660612615,7.37809203237636,6.633749180063469,6.810972286065931,4.114464912030846,21.334256869334187,35.392167266674754,19.83419158679308,6.617631051780127,49.69006217464568,57.67475449995807,47.72624549614097,0.09574345547922887,0.06855314081903306,0.07148605991071186,0.06974809984254324,0.07522621875364399,0.05440218567467003,0.048063868631035254,0.05542654114353832,0.06745090423449117,0.04299958507956497,0.04090286236851138,0.04347109446464511,0.6597222286019963,0.47214787607011066,0.49575481140022526,0.4805584589725611,0.5172047975111662,0.35599255956481424,0.2974413434360356,0.3642406226957849,0.45569243123928344,0.2446868872290011,0.22167542903371854,0.24928508320833512,0.00916680926710308,0.004699533116154178,0.005110256761557885,0.00486479743164538,0.005658983987971098,0.002959597806181273,0.002310135467781415,0.003072101463136347,0.004549624482050498,0.0018489643170147465,0.0016730441499373842,0.0018897360539540985,sonoma
1.8880916237462686,2.500487085683792,1.769887526393814,2.379660603338902,4.307989140164692,4.300461454305078,3.905985759128923,4.0396495633191325,6.596991516107316,7.777181629958969,5.9466661036632,7.234506504027461,0.9794735796338155,0.9666951802057769,0.982796747832271,0.9692721782424715,0.8883208031438992,0.8995536517054646,0.9096547978919142,0.9091776298695109,0.7691899032776569,0.7166834806809039,0.8105184783810674,0.747112104284821,9.68118155326645,15.708600915536383,8.113396712393362,14.49313237571308,52.682177738083645,47.382434282524315,42.61137617120198,42.8426477106514,108.89895773390111,133.6777695932301,89.37462573834884,119.32082933820224,0.060067394880492814,0.053828910944989476,0.06072471412628837,0.05469583916411391,0.04534913663084641,0.04493595062968631,0.0467326491034739,0.0459318513882075,0.03692825801927995,0.03345732982394502,0.0385878910129198,0.03460111617822944,0.4867865381738819,0.41687895083144494,0.49331179124882085,0.4266758084791804,0.338986859823898,0.3244017481815826,0.3490551633521846,0.3349089737055915,0.25457811287958365,0.20809104313283255,0.2653902932723753,0.22001646133167937,0.0036080919277290545,0.002897551653523608,0.003687490905719446,0.0029916348218666177,0.0020565441931631756,0.0020192396589936057,0.0021839404922284196,0.0021097349719483792,0.0013636962403385138,0.0011193929189482407,0.0014890253328249767,0.001197237240779331,tkanina
1.8880916237462686,2.500487085683792,1.769887526393814,2.379660603338902,4.307989140164692,4.300461454305078,3.905985759128923,4.0396495633191325,6.596991516107316,7.777181629958969,5.9466661036632,7.234506504027461,0.9794735796338155,0.9666951802057769,0.982796747832271,0.9692721782424715,0.8883208031438992,0.8995536517054646,0.9096547978919142,0.9091776298695109,0.7691899032776569,0.7166834806809039,0.8105184783810674,0.747112104284821,9.68118155326645,15.708600915536383,8.113396712393362,14.49313237571308,52.682177738083645,47.382434282524315,42.61137617120198,42.8426477106514,108.89895773390111,133.6777695932301,89.37462573834884,119.32082933820224,0.060067394880492814,0.053828910944989476,0.06072471412628837,0.05469583916411391,0.04534913663084641,0.04493595062968631,0.0467326491034739,0.0459318513882075,0.03692825801927995,0.03345732982394502,0.0385878910129198,0.03460111617822944,0.4867865381738819,0.41687895083144494,0.49331179124882085,0.4266758084791804,0.338986859823898,0.3244017481815826,0.3490551633521846,0.3349089737055915,0.25457811287958365,0.20809104313283255,0.2653902932723753,0.22001646133167937,0.0036080919277290545,0.002897551653523608,0.003687490905719446,0.0029916348218666177,0.0020565441931631756,0.0020192396589936057,0.0021839404922284196,0.0021097349719483792,0.0013636962403385138,0.0011193929189482407,0.0014890253328249767,0.001197237240779331,tkanina
1.8880916237462686,2.500487085683792,1.769887526393814,2.379660603338902,4.307989140164692,4.300461454305078,3.905985759128923,4.0396495633191325,6.596991516107316,7.777181629958969,5.9466661036632,7.234506504027461,0.9794735796338155,0.9666951802057769,0.982796747832271,0.9692721782424715,0.8883208031438992,0.8995536517054646,0.9096547978919142,0.9091776298695109,0.7691899032776569,0.7166834806809039,0.8105184783810674,0.747112104284821,9.68118155326645,15.708600915536383,8.113396712393362,14.49313237571308,52.682177738083645,47.382434282524315,42.61137617120198,42.8426477106514,108.89895773390111,133.6777695932301,89.37462573834884,119.32082933820224,0.060067394880492814,0.053828910944989476,0.06072471412628837,0.05469583916411391,0.04534913663084641,0.04493595062968631,0.0467326491034739,0.0459318513882075,0.03692825801927995,0.03345732982394502,0.0385878910129198,0.03460111617822944,0.4867865381738819,0.41687895083144494,0.49331179124882085,0.4266758084791804,0.338986859823898,0.3244017481815826,0.3490551633521846,0.3349089737055915,0.25457811287958365,0.20809104313283255,0.2653902932723753,0.22001646133167937,0.0036080919277290545,0.002897551653523608,0.003687490905719446,0.0029916348218666177,0.0020565441931631756,0.0020192396589936057,0.0021839404922284196,0.0021097349719483792,0.0013636962403385138,0.0011193929189482407,0.0014890253328249767,0.001197237240779331,tkanina
1.8880916237462686,2.500487085683792,1.769887526393814,2.379660603338902,4.307989140164692,4.300461454305078,3.905985759128923,4.0396495633191325,6.596991516107316,7.777181629958969,5.9466661036632,7.234506504027461,0.9794735796338155,0.9666951802057769,0.982796747832271,0.9692721782424715,0.8883208031438992,0.8995536517054646,0.9096547978919142,0.9091776298695109,0.7691899032776569,0.7166834806809039,0.8105184783810674,0.747112104284821,9.68118155326645,15.708600915536383,8.113396712393362,14.49313237571308,52.682177738083645,47.382434282524315,42.61137617120198,42.8426477106514,108.89895773390111,133.6777695932301,89.37462573834884,119.32082933820224,0.060067394880492814,0.053828910944989476,0.06072471412628837,0.05469583916411391,0.04534913663084641,0.04493595062968631,0.0467326491034739,0.0459318513882075,0.03692825801927995,0.03345732982394502,0.0385878910129198,0.03460111617822944,0.4867865381738819,0.41687895083144494,0.49331179124882085,0.4266758084791804,0.338986859823898,0.3244017481815826,0.3490551633521846,0.3349089737055915,0.25457811287958365,0.20809104313283255,0.2653902932723753,0.22001646133167937,0.0036080919277290545,0.002897551653523608,0.003687490905719446,0.0029916348218666177,0.0020565441931631756,0.0020192396589936057,0.0021839404922284196,0.0021097349719483792,0.0013636962403385138,0.0011193929189482407,0.0014890253328249767,0.001197237240779331,tkanina
1.8880916237462686,2.500487085683792,1.769887526393814,2.379660603338902,4.307989140164692,4.300461454305078,3.905985759128923,4.0396495633191325,6.596991516107316,7.777181629958969,5.9466661036632,7.234506504027461,0.9794735796338155,0.9666951802057769,0.982796747832271,0.9692721782424715,0.8883208031438992,0.8995536517054646,0.9096547978919142,0.9091776298695109,0.7691899032776569,0.7166834806809039,0.8105184783810674,0.747112104284821,9.68118155326645,15.708600915536383,8.113396712393362,14.49313237571308,52.682177738083645,47.382434282524315,42.61137617120198,42.8426477106514,108.89895773390111,133.6777695932301,89.37462573834884,119.32082933820224,0.060067394880492814,0.053828910944989476,0.06072471412628837,0.05469583916411391,0.04534913663084641,0.04493595062968631,0.0467326491034739,0.0459318513882075,0.03692825801927995,0.03345732982394502,0.0385878910129198,0.03460111617822944,0.4867865381738819,0.41687895083144494,0.49331179124882085,0.4266758084791804,0.338986859823898,0.3244017481815826,0.3490551633521846,0.3349089737055915,0.25457811287958365,0.20809104313283255,0.2653902932723753,0.22001646133167937,0.0036080919277290545,0.002897551653523608,0.003687490905719446,0.0029916348218666177,0.0020565441931631756,0.0020192396589936057,0.0021839404922284196,0.0021097349719483792,0.0013636962403385138,0.0011193929189482407,0.0014890253328249767,0.001197237240779331,tkanina
1.8880916237462686,2.500487085683792,1.769887526393814,2.379660603338902,4.307989140164692,4.300461454305078,3.905985759128923,4.0396495633191325,6.596991516107316,7.777181629958969,5.9466661036632,7.234506504027461,0.9794735796338155,0.9666951802057769,0.982796747832271,0.9692721782424715,0.8883208031438992,0.8995536517054646,0.9096547978919142,0.9091776298695109,0.7691899032776569,0.7166834806809039,0.8105184783810674,0.747112104284821,9.68118155326645,15.708600915536383,8.113396712393362,14.49313237571308,52.682177738083645,47.382434282524315,42.61137617120198,42.8426477106514,108.89895773390111,133.6777695932301,89.37462573834884,119.32082933820224,0.060067394880492814,0.053828910944989476,0.06072471412628837,0.05469583916411391,0.04534913663084641,0.04493595062968631,0.0467326491034739,0.0459318513882075,0.03692825801927995,0.03345732982394502,0.0385878910129198,0.03460111617822944,0.4867865381738819,0.41687895083144494,0.49331179124882085,0.4266758084791804,0.338986859823898,0.3244017481815826,0.3490551633521846,0.3349089737055915,0.25457811287958365,0.20809104313283255,0.2653902932723753,0.22001646133167937,0.0036080919277290545,0.002897551653523608,0.003687490905719446,0.0029916348218666177,0.0020565441931631756,0.0020192396589936057,0.0021839404922284196,0.0021097349719483792,0.0013636962403385138,0.0011193929189482407,0.0014890253328249767,0.001197237240779331,tkanina
1.8880916237462686,2.500487085683792,1.769887526393814,2.379660603338902,4.307989140164692,4.300461454305078,3.905985759128923,4.0396495633191325,6.596991516107316,7.777181629958969,5.9466661036632,7.234506504027461,0.9794735796338155,0.9666951802057769,0.982796747832271,0.9692721782424715,0.8883208031438992,0.8995536517054646,0.9096547978919142,0.9091776298695109,0.7691899032776569,0.7166834806809039,0.8105184783810674,0.747112104284821,9.68118155326645,15.708600915536383,8.113396712393362,14.49313237571308,52.682177738083645,47.382434282524315,42.61137617120198,42.8426477106514,108.89895773390111,133.6777695932301,89.37462573834884,119.32082933820224,0.060067394880492814,0.053828910944989476,0.06072471412628837,0.05469583916411391,0.04534913663084641,0.04493595062968631,0.0467326491034739,0.0459318513882075,0.03692825801927995,0.03345732982394502,0.0385878910129198,0.03460111617822944,0.4867865381738819,0.41687895083144494,0.49331179124882085,0.4266758084791804,0.338986859823898,0.3244017481815826,0.3490551633521846,0.3349089737055915,0.25457811287958365,0.20809104313283255,0.2653902932723753,0.22001646133167937,0.0036080919277290545,0.002897551653523608,0.003687490905719446,0.0029916348218666177,0.0020565441931631756,0.0020192396589936057,0.0021839404922284196,0.0021097349719483792,0.0013636962403385138,0.0011193929189482407,0.0014890253328249767,0.001197237240779331,tkanina
1.8880916237462686,2.500487085683792,1.769887526393814,2.379660603338902,4.307989140164692,4.300461454305078,3.905985759128923,4.0396495633191325,6.596991516107316,7.777181629958969,5.9466661036632,7.234506504027461,0.9794735796338155,0.9666951802057769,0.982796747832271,0.9692721782424715,0.8883208031438992,0.8995536517054646,0.9096547978919142,0.9091776298695109,0.7691899032776569,0.7166834806809039,0.8105184783810674,0.747112104284821,9.68118155326645,15.708600915536383,8.113396712393362,14.49313237571308,52.682177738083645,47.382434282524315,42.61137617120198,42.8426477106514,108.89895773390111,133.6777695932301,89.37462573834884,119.32082933820224,0.060067394880492814,0.053828910944989476,0.06072471412628837,0.05469583916411391,0.04534913663084641,0.04493595062968631,0.0467326491034739,0.0459318513882075,0.03692825801927995,0.03345732982394502,0.0385878910129198,0.03460111617822944,0.4867865381738819,0.41687895083144494,0.49331179124882085,0.4266758084791804,0.338986859823898,0.3244017481815826,0.3490551633521846,0.3349089737055915,0.25457811287958365,0.20809104313283255,0.2653902932723753,0.22001646133167937,0.0036080919277290545,0.002897551653523608,0.003687490905719446,0.0029916348218666177,0.0020565441931631756,0.0020192396589936057,0.0021839404922284196,0.0021097349719483792,0.0013636962403385138,0.0011193929189482407,0.0014890253328249767,0.001197237240779331,tkanina
1.8880916237462686,2.500487085683792,1.769887526393814,2.379660603338902,4.307989140164692,4.300461454305078,3.905985759128923,4.0396495633191325,6.596991516107316,7.777181629958969,5.9466661036632,7.234506504027461,0.9794735796338155,0.9666951802057769,0.982796747832271,0.9692721782424715,0.8883208031438992,0.8995536517054646,0.9096547978919142,0.9091776298695109,0.7691899032776569,0.7166834806809039,0.8105184783810674,0.747112104284821,9.68118155326645,15.708600915536383,8.113396712393362,14.49313237571308,52.682177738083645,47.382434282524315,42.61137617120198,42.8426477106514,108.89895773390111,133.6777695932301,89.37462573834884,119.32082933820224,0.060067394880492814,0.053828910944989476,0.06072471412628837,0.05469583916411391,0.04534913663084641,0.04493595062968631,0.0467326491034739,0.0459318513882075,0.03692825801927995,0.03345732982394502,0.0385878910129198,0.03460111617822944,0.4867865381738819,0.41687895083144494,0.49331179124882085,0.4266758084791804,0.338986859823898,0.3244017481815826,0.3490551633521846,0.3349089737055915,0.25457811287958365,0.20809104313283255,0.2653902932723753,0.22001646133167937,0.0036080919277290545,0.002897551653523608,0.003687490905719446,0.0029916348218666177,0.0020565441931631756,0.0020192396589936057,0.0021839404922284196,0.0021097349719483792,0.0013636962403385138,0.0011193929189482407,0.0014890253328249767,0.001197237240779331,tkanina
1.8880916237462686,2.500487085683792,1.769887526393814,2.379660603338902,4.307989140164692,4.300461454305078,3.905985759128923,4.0396495633191325,6.596991516107316,7.777181629958969,5.9466661036632,7.234506504027461,0.9794735796338155,0.9666951802057769,0.982796747832271,0.9692721782424715,0.8883208031438992,0.8995536517054646,0.9096547978919142,0.9091776298695109,0.7691899032776569,0.7166834806809039,0.8105184783810674,0.747112104284821,9.68118155326645,15.708600915536383,8.113396712393362,14.49313237571308,52.682177738083645,47.382434282524315,42.61137617120198,42.8426477106514,108.89895773390111,133.6777695932301,89.37462573834884,119.32082933820224,0.060067394880492814,0.053828910944989476,0.06072471412628837,0.05469583916411391,0.04534913663084641,0.04493595062968631,0.0467326491034739,0.0459318513882075,0.03692825801927995,0.03345732982394502,0.0385878910129198,0.03460111617822944,0.4867865381738819,0.41687895083144494,0.49331179124882085,0.4266758084791804,0.338986859823898,0.3244017481815826,0.3490551633521846,0.3349089737055915,0.25457811287958365,0.20809104313283255,0.2653902932723753,0.22001646133167937,0.0036080919277290545,0.002897551653523608,0.003687490905719446,0.0029916348218666177,0.0020565441931631756,0.0020192396589936057,0.0021839404922284196,0.0021097349719483792,0.0013636962403385138,0.0011193929189482407,0.0014890253328249767,0.001197237240779331,tkanina
1.8880916237462686,2.500487085683792,1.769887526393814,2.379660603338902,4.307989140164692,4.300461454305078,3.905985759128923,4.0396495633191325,6.596991516107316,7.777181629958969,5.9466661036632,7.234506504027461,0.9794735796338155,0.9666951802057769,0.982796747832271,0.9692721782424715,0.8883208031438992,0.8995536517054646,0.9096547978919142,0.9091776298695109,0.7691899032776569,0.7166834806809039,0.8105184783810674,0.747112104284821,9.68118155326645,15.708600915536383,8.113396712393362,14.49313237571308,52.682177738083645,47.382434282524315,42.61137617120198,42.8426477106514,108.89895773390111,133.6777695932301,89.37462573834884,119.32082933820224,0.060067394880492814,0.053828910944989476,0.06072471412628837,0.05469583916411391,0.04534913663084641,0.04493595062968631,0.0467326491034739,0.0459318513882075,0.03692825801927995,0.03345732982394502,0.0385878910129198,0.03460111617822944,0.4867865381738819,0.41687895083144494,0.49331179124882085,0.4266758084791804,0.338986859823898,0.3244017481815826,0.3490551633521846,0.3349089737055915,0.25457811287958365,0.20809104313283255,0.2653902932723753,0.22001646133167937,0.0036080919277290545,0.002897551653523608,0.003687490905719446,0.0029916348218666177,0.0020565441931631756,0.0020192396589936057,0.0021839404922284196,0.0021097349719483792,0.0013636962403385138,0.0011193929189482407,0.0014890253328249767,0.001197237240779331,tkanina
1.8880916237462686,2.500487085683792,1.769887526393814,2.379660603338902,4.307989140164692,4.300461454305078,3.905985759128923,4.0396495633191325,6.596991516107316,7.777181629958969,5.9466661036632,7.234506504027461,0.9794735796338155,0.9666951802057769,0.982796747832271,0.9692721782424715,0.8883208031438992,0.8995536517054646,0.9096547978919142,0.9091776298695109,0.7691899032776569,0.7166834806809039,0.8105184783810674,0.747112104284821,9.68118155326645,15.708600915536383,8.113396712393362,14.49313237571308,52.682177738083645,47.382434282524315,42.61137617120198,42.8426477106514,108.89895773390111,133.6777695932301,89.37462573834884,119.32082933820224,0.060067394880492814,0.053828910944989476,0.06072471412628837,0.05469583916411391,0.04534913663084641,0.04493595062968631,0.0467326491034739,0.0459318513882075,0.03692825801927995,0.03345732982394502,0.0385878910129198,0.03460111617822944,0.4867865381738819,0.41687895083144494,0.49331179124882085,0.4266758084791804,0.338986859823898,0.3244017481815826,0.3490551633521846,0.3349089737055915,0.25457811287958365,0.20809104313283255,0.2653902932723753,0.22001646133167937,0.0036080919277290545,0.002897551653523608,0.003687490905719446,0.0029916348218666177,0.0020565441931631756,0.0020192396589936057,0.0021839404922284196,0.0021097349719483792,0.0013636962403385138,0.0011193929189482407,0.0014890253328249767,0.001197237240779331,tkanina
1.8880916237462686,2.500487085683792,1.769887526393814,2.379660603338902,4.307989140164692,4.300461454305078,3.905985759128923,4.0396495633191325,6.596991516107316,7.777181629958969,5.9466661036632,7.234506504027461,0.9794735796338155,0.9666951802057769,0.982796747832271,0.9692721782424715,0.8883208031438992,0.8995536517054646,0.9096547978919142,0.9091776298695109,0.7691899032776569,0.7166834806809039,0.8105184783810674,0.747112104284821,9.68118155326645,15.708600915536383,8.113396712393362,14.49313237571308,52.682177738083645,47.382434282524315,42.61137617120198,42.8426477106514,108.89895773390111,133.6777695932301,89.37462573834884,119.32082933820224,0.060067394880492814,0.053828910944989476,0.06072471412628837,0.05469583916411391,0.04534913663084641,0.04493595062968631,0.0467326491034739,0.0459318513882075,0.03692825801927995,0.03345732982394502,0.0385878910129198,0.03460111617822944,0.4867865381738819,0.41687895083144494,0.49331179124882085,0.4266758084791804,0.338986859823898,0.3244017481815826,0.3490551633521846,0.3349089737055915,0.25457811287958365,0.20809104313283255,0.2653902932723753,0.22001646133167937,0.0036080919277290545,0.002897551653523608,0.003687490905719446,0.0029916348218666177,0.0020565441931631756,0.0020192396589936057,0.0021839404922284196,0.0021097349719483792,0.0013636962403385138,0.0011193929189482407,0.0014890253328249767,0.001197237240779331,tkanina
1.8880916237462686,2.500487085683792,1.769887526393814,2.379660603338902,4.307989140164692,4.300461454305078,3.905985759128923,4.0396495633191325,6.596991516107316,7.777181629958969,5.9466661036632,7.234506504027461,0.9794735796338155,0.9666951802057769,0.982796747832271,0.9692721782424715,0.8883208031438992,0.8995536517054646,0.9096547978919142,0.9091776298695109,0.7691899032776569,0.7166834806809039,0.8105184783810674,0.747112104284821,9.68118155326645,15.708600915536383,8.113396712393362,14.49313237571308,52.682177738083645,47.382434282524315,42.61137617120198,42.8426477106514,108.89895773390111,133.6777695932301,89.37462573834884,119.32082933820224,0.060067394880492814,0.053828910944989476,0.06072471412628837,0.05469583916411391,0.04534913663084641,0.04493595062968631,0.0467326491034739,0.0459318513882075,0.03692825801927995,0.03345732982394502,0.0385878910129198,0.03460111617822944,0.4867865381738819,0.41687895083144494,0.49331179124882085,0.4266758084791804,0.338986859823898,0.3244017481815826,0.3490551633521846,0.3349089737055915,0.25457811287958365,0.20809104313283255,0.2653902932723753,0.22001646133167937,0.0036080919277290545,0.002897551653523608,0.003687490905719446,0.0029916348218666177,0.0020565441931631756,0.0020192396589936057,0.0021839404922284196,0.0021097349719483792,0.0013636962403385138,0.0011193929189482407,0.0014890253328249767,0.001197237240779331,tkanina
1.8880916237462686,2.500487085683792,1.769887526393814,2.379660603338902,4.307989140164692,4.300461454305078,3.905985759128923,4.0396495633191325,6.596991516107316,7.777181629958969,5.9466661036632,7.234506504027461,0.9794735796338155,0.9666951802057769,0.982796747832271,0.9692721782424715,0.8883208031438992,0.8995536517054646,0.9096547978919142,0.9091776298695109,0.7691899032776569,0.7166834806809039,0.8105184783810674,0.747112104284821,9.68118155326645,15.708600915536383,8.113396712393362,14.49313237571308,52.682177738083645,47.382434282524315,42.61137617120198,42.8426477106514,108.89895773390111,133.6777695932301,89.37462573834884,119.32082933820224,0.060067394880492814,0.053828910944989476,0.06072471412628837,0.05469583916411391,0.04534913663084641,0.04493595062968631,0.0467326491034739,0.0459318513882075,0.03692825801927995,0.03345732982394502,0.0385878910129198,0.03460111617822944,0.4867865381738819,0.41687895083144494,0.49331179124882085,0.4266758084791804,0.338986859823898,0.3244017481815826,0.3490551633521846,0.3349089737055915,0.25457811287958365,0.20809104313283255,0.2653902932723753,0.22001646133167937,0.0036080919277290545,0.002897551653523608,0.003687490905719446,0.0029916348218666177,0.0020565441931631756,0.0020192396589936057,0.0021839404922284196,0.0021097349719483792,0.0013636962403385138,0.0011193929189482407,0.0014890253328249767,0.001197237240779331,tkanina
1.8880916237462686,2.500487085683792,1.769887526393814,2.379660603338902,4.307989140164692,4.300461454305078,3.905985759128923,4.0396495633191325,6.596991516107316,7.777181629958969,5.9466661036632,7.234506504027461,0.9794735796338155,0.9666951802057769,0.982796747832271,0.9692721782424715,0.8883208031438992,0.8995536517054646,0.9096547978919142,0.9091776298695109,0.7691899032776569,0.7166834806809039,0.8105184783810674,0.747112104284821,9.68118155326645,15.708600915536383,8.113396712393362,14.49313237571308,52.682177738083645,47.382434282524315,42.61137617120198,42.8426477106514,108.89895773390111,133.6777695932301,89.37462573834884,119.32082933820224,0.060067394880492814,0.053828910944989476,0.06072471412628837,0.05469583916411391,0.04534913663084641,0.04493595062968631,0.0467326491034739,0.0459318513882075,0.03692825801927995,0.03345732982394502,0.0385878910129198,0.03460111617822944,0.4867865381738819,0.41687895083144494,0.49331179124882085,0.4266758084791804,0.338986859823898,0.3244017481815826,0.3490551633521846,0.3349089737055915,0.25457811287958365,0.20809104313283255,0.2653902932723753,0.22001646133167937,0.0036080919277290545,0.002897551653523608,0.003687490905719446,0.0029916348218666177,0.0020565441931631756,0.0020192396589936057,0.0021839404922284196,0.0021097349719483792,0.0013636962403385138,0.0011193929189482407,0.0014890253328249767,0.001197237240779331,tkanina
1.8880916237462686,2.500487085683792,1.769887526393814,2.379660603338902,4.307989140164692,4.300461454305078,3.905985759128923,4.0396495633191325,6.596991516107316,7.777181629958969,5.9466661036632,7.234506504027461,0.9794735796338155,0.9666951802057769,0.982796747832271,0.9692721782424715,0.8883208031438992,0.8995536517054646,0.9096547978919142,0.9091776298695109,0.7691899032776569,0.7166834806809039,0.8105184783810674,0.747112104284821,9.68118155326645,15.708600915536383,8.113396712393362,14.49313237571308,52.682177738083645,47.382434282524315,42.61137617120198,42.8426477106514,108.89895773390111,133.6777695932301,89.37462573834884,119.32082933820224,0.060067394880492814,0.053828910944989476,0.06072471412628837,0.05469583916411391,0.04534913663084641,0.04493595062968631,0.0467326491034739,0.0459318513882075,0.03692825801927995,0.03345732982394502,0.0385878910129198,0.03460111617822944,0.4867865381738819,0.41687895083144494,0.49331179124882085,0.4266758084791804,0.338986859823898,0.3244017481815826,0.3490551633521846,0.3349089737055915,0.25457811287958365,0.20809104313283255,0.2653902932723753,0.22001646133167937,0.0036080919277290545,0.002897551653523608,0.003687490905719446,0.0029916348218666177,0.0020565441931631756,0.0020192396589936057,0.0021839404922284196,0.0021097349719483792,0.0013636962403385138,0.0011193929189482407,0.0014890253328249767,0.001197237240779331,tkanina
1.8880916237462686,2.500487085683792,1.769887526393814,2.379660603338902,4.307989140164692,4.300461454305078,3.905985759128923,4.0396495633191325,6.596991516107316,7.777181629958969,5.9466661036632,7.234506504027461,0.9794735796338155,0.9666951802057769,0.982796747832271,0.9692721782424715,0.8883208031438992,0.8995536517054646,0.9096547978919142,0.9091776298695109,0.7691899032776569,0.7166834806809039,0.8105184783810674,0.747112104284821,9.68118155326645,15.708600915536383,8.113396712393362,14.49313237571308,52.682177738083645,47.382434282524315,42.61137617120198,42.8426477106514,108.89895773390111,133.6777695932301,89.37462573834884,119.32082933820224,0.060067394880492814,0.053828910944989476,0.06072471412628837,0.05469583916411391,0.04534913663084641,0.04493595062968631,0.0467326491034739,0.0459318513882075,0.03692825801927995,0.03345732982394502,0.0385878910129198,0.03460111617822944,0.4867865381738819,0.41687895083144494,0.49331179124882085,0.4266758084791804,0.338986859823898,0.3244017481815826,0.3490551633521846,0.3349089737055915,0.25457811287958365,0.20809104313283255,0.2653902932723753,0.22001646133167937,0.0036080919277290545,0.002897551653523608,0.003687490905719446,0.0029916348218666177,0.0020565441931631756,0.0020192396589936057,0.0021839404922284196,0.0021097349719483792,0.0013636962403385138,0.0011193929189482407,0.0014890253328249767,0.001197237240779331,tkanina
1.8880916237462686,2.500487085683792,1.769887526393814,2.379660603338902,4.307989140164692,4.300461454305078,3.905985759128923,4.0396495633191325,6.596991516107316,7.777181629958969,5.9466661036632,7.234506504027461,0.9794735796338155,0.9666951802057769,0.982796747832271,0.9692721782424715,0.8883208031438992,0.8995536517054646,0.9096547978919142,0.9091776298695109,0.7691899032776569,0.7166834806809039,0.8105184783810674,0.747112104284821,9.68118155326645,15.708600915536383,8.113396712393362,14.49313237571308,52.682177738083645,47.382434282524315,42.61137617120198,42.8426477106514,108.89895773390111,133.6777695932301,89.37462573834884,119.32082933820224,0.060067394880492814,0.053828910944989476,0.06072471412628837,0.05469583916411391,0.04534913663084641,0.04493595062968631,0.0467326491034739,0.0459318513882075,0.03692825801927995,0.03345732982394502,0.0385878910129198,0.03460111617822944,0.4867865381738819,0.41687895083144494,0.49331179124882085,0.4266758084791804,0.338986859823898,0.3244017481815826,0.3490551633521846,0.3349089737055915,0.25457811287958365,0.20809104313283255,0.2653902932723753,0.22001646133167937,0.0036080919277290545,0.002897551653523608,0.003687490905719446,0.0029916348218666177,0.0020565441931631756,0.0020192396589936057,0.0021839404922284196,0.0021097349719483792,0.0013636962403385138,0.0011193929189482407,0.0014890253328249767,0.001197237240779331,tkanina
1.8880916237462686,2.500487085683792,1.769887526393814,2.379660603338902,4.307989140164692,4.300461454305078,3.905985759128923,4.0396495633191325,6.596991516107316,7.777181629958969,5.9466661036632,7.234506504027461,0.9794735796338155,0.9666951802057769,0.982796747832271,0.9692721782424715,0.8883208031438992,0.8995536517054646,0.9096547978919142,0.9091776298695109,0.7691899032776569,0.7166834806809039,0.8105184783810674,0.747112104284821,9.68118155326645,15.708600915536383,8.113396712393362,14.49313237571308,52.682177738083645,47.382434282524315,42.61137617120198,42.8426477106514,108.89895773390111,133.6777695932301,89.37462573834884,119.32082933820224,0.060067394880492814,0.053828910944989476,0.06072471412628837,0.05469583916411391,0.04534913663084641,0.04493595062968631,0.0467326491034739,0.0459318513882075,0.03692825801927995,0.03345732982394502,0.0385878910129198,0.03460111617822944,0.4867865381738819,0.41687895083144494,0.49331179124882085,0.4266758084791804,0.338986859823898,0.3244017481815826,0.3490551633521846,0.3349089737055915,0.25457811287958365,0.20809104313283255,0.2653902932723753,0.22001646133167937,0.0036080919277290545,0.002897551653523608,0.003687490905719446,0.0029916348218666177,0.0020565441931631756,0.0020192396589936057,0.0021839404922284196,0.0021097349719483792,0.0013636962403385138,0.0011193929189482407,0.0014890253328249767,0.001197237240779331,tkanina
1.4133984480889075,1.7484803409642213,1.3616978005372273,1.6869397741451067,2.577057343375316,2.514310272148484,2.4672603187839663,2.427374953411994,3.080494765936317,3.1622609881938684,2.961271380565937,3.0933894620901508,0.9652249246953598,0.9478541368238468,0.9679289362030757,0.9519422794259053,0.8868427730750942,0.8918156016588763,0.8976747473175344,0.9000846893002954,0.8461406618205461,0.8386259869032276,0.8595555938918653,0.8468503736747692,4.191673217674147,6.2816993981863165,3.864849643293715,5.789224124235039,13.628957746736724,13.0192196888074,12.3158067397523,12.024085018555446,18.516618050428416,19.38047270657991,16.882529408453,18.392715801567995,0.07991335408637221,0.07259447665821836,0.08118344709084772,0.07367557560216485,0.06111818533291674,0.06188835752194088,0.06220009993604687,0.06277703911121724,0.05593137335899475,0.05524387761373723,0.05678256110890569,0.05568140689595665,0.5075435359901426,0.4484844880185781,0.517120651541346,0.45679823363567407,0.3544650372784533,0.36052646730645915,0.36356364876092423,0.36788632288261436,0.3046921920754171,0.29769596189349484,0.3116704164180523,0.301733048766814,0.006386144161333902,0.00526995804128061,0.0065907520815524714,0.005428090440310308,0.003735432578388759,0.0038301687967635762,0.003868852432054218,0.003940956639571299,0.003128318525823268,0.0030518860138015773,0.0032242592460866096,0.0031004190739130893,tynk
1.4133984480889075,1.7484803409642213,1.3616978005372273,1.6869397741451067,2.577057343375316,2.514310272148484,2.4672603187839663,2.427374953411994,3.080494765936317,3.1622609881938684,2.961271380565937,3.0933894620901508,0.9652249246953598,0.9478541368238468,0.9679289362030757,0.9519422794259053,0.8868427730750942,0.8918156016588763,0.8976747473175344,0.9000846893002954,0.8461406618205461,0.8386259869032276,0.8595555938918653,0.8468503736747692,4.191673217674147,6.2816993981863165,3.864849643293715,5.789224124235039,13.628957746736724,13.0192196888074,12.3158067397523,12.024085018555446,18.516618050428416,19.38047270657991,16.882529408453,18.392715801567995,0.07991335408637221,0.07259447665821836,0.08118344709084772,0.07367557560216485,0.06111818533291674,0.06188835752194088,0.06220009993604687,0.06277703911121724,0.05593137335899475,0.05524387761373723,0.05678256110890569,0.05568140689595665,0.5075435359901426,0.4484844880185781,0.517120651541346,0.45679823363567407,0.3544650372784533,0.36052646730645915,0.36356364876092423,0.36788632288261436,0.3046921920754171,0.29769596189349484,0.3116704164180523,0.301733048766814,0.006386144161333902,0.00526995804128061,0.0065907520815524714,0.005428090440310308,0.003735432578388759,0.0038301687967635762,0.003868852432054218,0.003940956639571299,0.003128318525823268,0.0030518860138015773,0.0032242592460866096,0.0031004190739130893,tynk
1.4133984480889075,1.7484803409642213,1.3616978005372273,1.6869397741451067,2.577057343375316,2.514310272148484,2.4672603187839663,2.427374953411994,3.080494765936317,3.1622609881938684,2.961271380565937,3.0933894620901508,0.9652249246953598,0.9478541368238468,0.9679289362030757,0.9519422794259053,0.8868427730750942,0.8918156016588763,0.8976747473175344,0.9000846893002954,0.8461406618205461,0.8386259869032276,0.8595555938918653,0.8468503736747692,4.191673217674147,6.2816993981863165,3.864849643293715,5.789224124235039,13.628957746736724,13.0192196888074,12.3158067397523,12.024085018555446,18.516618050428416,19.38047270657991,16.882529408453,18.392715801567995,0.07991335408637221,0.07259447665821836,0.08118344709084772,0.07367557560216485,0.06111818533291674,0.06188835752194088,0.06220009993604687,0.06277703911121724,0.05593137335899475,0.05524387761373723,0.05678256110890569,0.05568140689595665,0.5075435359901426,0.4484844880185781,0.517120651541346,0.45679823363567407,0.3544650372784533,0.36052646730645915,0.36356364876092423,0.36788632288261436,0.3046921920754171,0.29769596189349484,0.3116704164180523,0.301733048766814,0.006386144161333902,0.00526995804128061,0.0065907520815524714,0.005428090440310308,0.003735432578388759,0.0038301687967635762,0.003868852432054218,0.003940956639571299,0.003128318525823268,0.0030518860138015773,0.0032242592460866096,0.0031004190739130893,tynk
1.4133984480889075,1.7484803409642213,1.3616978005372273,1.6869397741451067,2.577057343375316,2.514310272148484,2.4672603187839663,2.427374953411994,3.080494765936317,3.1622609881938684,2.961271380565937,3.0933894620901508,0.9652249246953598,0.9478541368238468,0.9679289362030757,0.9519422794259053,0.8868427730750942,0.8918156016588763,0.8976747473175344,0.9000846893002954,0.8461406618205461,0.8386259869032276,0.8595555938918653,0.8468503736747692,4.191673217674147,6.2816993981863165,3.864849643293715,5.789224124235039,13.628957746736724,13.0192196888074,12.3158067397523,12.024085018555446,18.516618050428416,19.38047270657991,16.882529408453,18.392715801567995,0.07991335408637221,0.07259447665821836,0.08118344709084772,0.07367557560216485,0.06111818533291674,0.06188835752194088,0.06220009993604687,0.06277703911121724,0.05593137335899475,0.05524387761373723,0.05678256110890569,0.05568140689595665,0.5075435359901426,0.4484844880185781,0.517120651541346,0.45679823363567407,0.3544650372784533,0.36052646730645915,0.36356364876092423,0.36788632288261436,0.3046921920754171,0.29769596189349484,0.3116704164180523,0.301733048766814,0.006386144161333902,0.00526995804128061,0.0065907520815524714,0.005428090440310308,0.003735432578388759,0.0038301687967635762,0.003868852432054218,0.003940956639571299,0.003128318525823268,0.0030518860138015773,0.0032242592460866096,0.0031004190739130893,tynk
1.4133984480889075,1.7484803409642213,1.3616978005372273,1.6869397741451067,2.577057343375316,2.514310272148484,2.4672603187839663,2.427374953411994,3.080494765936317,3.1622609881938684,2.961271380565937,3.0933894620901508,0.9652249246953598,0.9478541368238468,0.9679289362030757,0.9519422794259053,0.8868427730750942,0.8918156016588763,0.8976747473175344,0.9000846893002954,0.8461406618205461,0.8386259869032276,0.8595555938918653,0.8468503736747692,4.191673217674147,6.2816993981863165,3.864849643293715,5.789224124235039,13.628957746736724,13.0192196888074,12.3158067397523,12.024085018555446,18.516618050428416,19.38047270657991,16.882529408453,18.392715801567995,0.07991335408637221,0.07259447665821836,0.08118344709084772,0.07367557560216485,0.06111818533291674,0.06188835752194088,0.06220009993604687,0.06277703911121724,0.05593137335899475,0.05524387761373723,0.05678256110890569,0.05568140689595665,0.5075435359901426,0.4484844880185781,0.517120651541346,0.45679823363567407,0.3544650372784533,0.36052646730645915,0.36356364876092423,0.36788632288261436,0.3046921920754171,0.29769596189349484,0.3116704164180523,0.301733048766814,0.006386144161333902,0.00526995804128061,0.0065907520815524714,0.005428090440310308,0.003735432578388759,0.0038301687967635762,0.003868852432054218,0.003940956639571299,0.003128318525823268,0.0030518860138015773,0.0032242592460866096,0.0031004190739130893,tynk
1.4133984480889075,1.7484803409642213,1.3616978005372273,1.6869397741451067,2.577057343375316,2.514310272148484,2.4672603187839663,2.427374953411994,3.080494765936317,3.1622609881938684,2.961271380565937,3.0933894620901508,0.9652249246953598,0.9478541368238468,0.9679289362030757,0.9519422794259053,0.8868427730750942,0.8918156016588763,0.8976747473175344,0.9000846893002954,0.8461406618205461,0.8386259869032276,0.8595555938918653,0.8468503736747692,4.191673217674147,6.2816993981863165,3.864849643293715,5.789224124235039,13.628957746736724,13.0192196888074,12.3158067397523,12.024085018555446,18.516618050428416,19.38047270657991,16.882529408453,18.392715801567995,0.07991335408637221,0.07259447665821836,0.08118344709084772,0.07367557560216485,0.06111818533291674,0.06188835752194088,0.06220009993604687,0.06277703911121724,0.05593137335899475,0.05524387761373723,0.05678256110890569,0.05568140689595665,0.5075435359901426,0.4484844880185781,0.517120651541346,0.45679823363567407,0.3544650372784533,0.36052646730645915,0.36356364876092423,0.36788632288261436,0.3046921920754171,0.29769596189349484,0.3116704164180523,0.301733048766814,0.006386144161333902,0.00526995804128061,0.0065907520815524714,0.005428090440310308,0.003735432578388759,0.0038301687967635762,0.003868852432054218,0.003940956639571299,0.003128318525823268,0.0030518860138015773,0.0032242592460866096,0.0031004190739130893,tynk
1.4133984480889075,1.7484803409642213,1.3616978005372273,1.6869397741451067,2.577057343375316,2.514310272148484,2.4672603187839663,2.427374953411994,3.080494765936317,3.1622609881938684,2.961271380565937,3.0933894620901508,0.9652249246953598,0.9478541368238468,0.9679289362030757,0.9519422794259053,0.8868427730750942,0.8918156016588763,0.8976747473175344,0.9000846893002954,0.8461406618205461,0.8386259869032276,0.8595555938918653,0.8468503736747692,4.191673217674147,6.2816993981863165,3.864849643293715,5.789224124235039,13.628957746736724,13.0192196888074,12.3158067397523,12.024085018555446,18.516618050428416,19.38047270657991,16.882529408453,18.392715801567995,0.07991335408637221,0.07259447665821836,0.08118344709084772,0.07367557560216485,0.06111818533291674,0.06188835752194088,0.06220009993604687,0.06277703911121724,0.05593137335899475,0.05524387761373723,0.05678256110890569,0.05568140689595665,0.5075435359901426,0.4484844880185781,0.517120651541346,0.45679823363567407,0.3544650372784533,0.36052646730645915,0.36356364876092423,0.36788632288261436,0.3046921920754171,0.29769596189349484,0.3116704164180523,0.301733048766814,0.006386144161333902,0.00526995804128061,0.0065907520815524714,0.005428090440310308,0.003735432578388759,0.0038301687967635762,0.003868852432054218,0.003940956639571299,0.003128318525823268,0.0030518860138015773,0.0032242592460866096,0.0031004190739130893,tynk
1.4133984480889075,1.7484803409642213,1.3616978005372273,1.6869397741451067,2.577057343375316,2.514310272148484,2.4672603187839663,2.427374953411994,3.080494765936317,3.1622609881938684,2.961271380565937,3.0933894620901508,0.9652249246953598,0.9478541368238468,0.9679289362030757,0.9519422794259053,0.8868427730750942,0.8918156016588763,0.8976747473175344,0.9000846893002954,0.8461406618205461,0.8386259869032276,0.8595555938918653,0.8468503736747692,4.191673217674147,6.2816993981863165,3.864849643293715,5.789224124235039,13.628957746736724,13.0192196888074,12.3158067397523,12.024085018555446,18.516618050428416,19.38047270657991,16.882529408453,18.392715801567995,0.07991335408637221,0.07259447665821836,0.08118344709084772,0.07367557560216485,0.06111818533291674,0.06188835752194088,0.06220009993604687,0.06277703911121724,0.05593137335899475,0.05524387761373723,0.05678256110890569,0.05568140689595665,0.5075435359901426,0.4484844880185781,0.517120651541346,0.45679823363567407,0.3544650372784533,0.36052646730645915,0.36356364876092423,0.36788632288261436,0.3046921920754171,0.29769596189349484,0.3116704164180523,0.301733048766814,0.006386144161333902,0.00526995804128061,0.0065907520815524714,0.005428090440310308,0.003735432578388759,0.0038301687967635762,0.003868852432054218,0.003940956639571299,0.003128318525823268,0.0030518860138015773,0.0032242592460866096,0.0031004190739130893,tynk
1.4133984480889075,1.7484803409642213,1.3616978005372273,1.6869397741451067,2.577057343375316,2.514310272148484,2.4672603187839663,2.427374953411994,3.080494765936317,3.1622609881938684,2.961271380565937,3.0933894620901508,0.9652249246953598,0.9478541368238468,0.9679289362030757,0.9519422794259053,0.8868427730750942,0.8918156016588763,0.8976747473175344,0.9000846893002954,0.8461406618205461,0.8386259869032276,0.8595555938918653,0.8468503736747692,4.191673217674147,6.2816993981863165,3.864849643293715,5.789224124235039,13.628957746736724,13.0192196888074,12.3158067397523,12.024085018555446,18.516618050428416,19.38047270657991,16.882529408453,18.392715801567995,0.07991335408637221,0.07259447665821836,0.08118344709084772,0.07367557560216485,0.06111818533291674,0.06188835752194088,0.06220009993604687,0.06277703911121724,0.05593137335899475,0.05524387761373723,0.05678256110890569,0.05568140689595665,0.5075435359901426,0.4484844880185781,0.517120651541346,0.45679823363567407,0.3544650372784533,0.36052646730645915,0.36356364876092423,0.36788632288261436,0.3046921920754171,0.29769596189349484,0.3116704164180523,0.301733048766814,0.006386144161333902,0.00526995804128061,0.0065907520815524714,0.005428090440310308,0.003735432578388759,0.0038301687967635762,0.003868852432054218,0.003940956639571299,0.003128318525823268,0.0030518860138015773,0.0032242592460866096,0.0031004190739130893,tynk
1.4133984480889075,1.7484803409642213,1.3616978005372273,1.6869397741451067,2.577057343375316,2.514310272148484,2.4672603187839663,2.427374953411994,3.080494765936317,3.1622609881938684,2.961271380565937,3.0933894620901508,0.9652249246953598,0.9478541368238468,0.9679289362030757,0.9519422794259053,0.8868427730750942,0.8918156016588763,0.8976747473175344,0.9000846893002954,0.8461406618205461,0.8386259869032276,0.8595555938918653,0.8468503736747692,4.191673217674147,6.2816993981863165,3.864849643293715,5.789224124235039,13.628957746736724,13.0192196888074,12.3158067397523,12.024085018555446,18.516618050428416,19.38047270657991,16.882529408453,18.392715801567995,0.07991335408637221,0.07259447665821836,0.08118344709084772,0.07367557560216485,0.06111818533291674,0.06188835752194088,0.06220009993604687,0.06277703911121724,0.05593137335899475,0.05524387761373723,0.05678256110890569,0.05568140689595665,0.5075435359901426,0.4484844880185781,0.517120651541346,0.45679823363567407,0.3544650372784533,0.36052646730645915,0.36356364876092423,0.36788632288261436,0.3046921920754171,0.29769596189349484,0.3116704164180523,0.301733048766814,0.006386144161333902,0.00526995804128061,0.0065907520815524714,0.005428090440310308,0.003735432578388759,0.0038301687967635762,0.003868852432054218,0.003940956639571299,0.003128318525823268,0.0030518860138015773,0.0032242592460866096,0.0031004190739130893,tynk
1.4133984480889075,1.7484803409642213,1.3616978005372273,1.6869397741451067,2.577057343375316,2.514310272148484,2.4672603187839663,2.427374953411994,3.080494765936317,3.1622609881938684,2.961271380565937,3.0933894620901508,0.9652249246953598,0.9478541368238468,0.9679289362030757,0.9519422794259053,0.8868427730750942,0.8918156016588763,0.8976747473175344,0.9000846893002954,0.8461406618205461,0.8386259869032276,0.8595555938918653,0.8468503736747692,4.191673217674147,6.2816993981863165,3.864849643293715,5.789224124235039,13.628957746736724,13.0192196888074,12.3158067397523,12.024085018555446,18.516618050428416,19.38047270657991,16.882529408453,18.392715801567995,0.07991335408637221,0.07259447665821836,0.08118344709084772,0.07367557560216485,0.06111818533291674,0.06188835752194088,0.06220009993604687,0.06277703911121724,0.05593137335899475,0.05524387761373723,0.05678256110890569,0.05568140689595665,0.5075435359901426,0.4484844880185781,0.517120651541346,0.45679823363567407,0.3544650372784533,0.36052646730645915,0.36356364876092423,0.36788632288261436,0.3046921920754171,0.29769596189349484,0.3116704164180523,0.301733048766814,0.006386144161333902,0.00526995804128061,0.0065907520815524714,0.005428090440310308,0.003735432578388759,0.0038301687967635762,0.003868852432054218,0.003940956639571299,0.003128318525823268,0.0030518860138015773,0.0032242592460866096,0.0031004190739130893,tynk
1.4133984480889075,1.7484803409642213,1.3616978005372273,1.6869397741451067,2.577057343375316,2.514310272148484,2.4672603187839663,2.427374953411994,3.080494765936317,3.1622609881938684,2.961271380565937,3.0933894620901508,0.9652249246953598,0.9478541368238468,0.9679289362030757,0.9519422794259053,0.8868427730750942,0.8918156016588763,0.8976747473175344,0.9000846893002954,0.8461406618205461,0.8386259869032276,0.8595555938918653,0.8468503736747692,4.191673217674147,6.2816993981863165,3.864849643293715,5.789224124235039,13.628957746736724,13.0192196888074,12.3158067397523,12.024085018555446,18.516618050428416,19.38047270657991,16.882529408453,18.392715801567995,0.07991335408637221,0.07259447665821836,0.08118344709084772,0.07367557560216485,0.06111818533291674,0.06188835752194088,0.06220009993604687,0.06277703911121724,0.05593137335899475,0.05524387761373723,0.05678256110890569,0.05568140689595665,0.5075435359901426,0.4484844880185781,0.517120651541346,0.45679823363567407,0.3544650372784533,0.36052646730645915,0.36356364876092423,0.36788632288261436,0.3046921920754171,0.29769596189349484,0.3116704164180523,0.301733048766814,0.006386144161333902,0.00526995804128061,0.0065907520815524714,0.005428090440310308,0.003735432578388759,0.0038301687967635762,0.003868852432054218,0.003940956639571299,0.003128318525823268,0.0030518860138015773,0.0032242592460866096,0.0031004190739130893,tynk
1.4133984480889075,1.7484803409642213,1.3616978005372273,1.6869397741451067,2.577057343375316,2.514310272148484,2.4672603187839663,2.427374953411994,3.080494765936317,3.1622609881938684,2.961271380565937,3.0933894620901508,0.9652249246953598,0.9478541368238468,0.9679289362030757,0.9519422794259053,0.8868427730750942,0.8918156016588763,0.8976747473175344,0.9000846893002954,0.8461406618205461,0.8386259869032276,0.8595555938918653,0.8468503736747692,4.191673217674147,6.2816993981863165,3.864849643293715,5.789224124235039,13.628957746736724,13.0192196888074,12.3158067397523,12.024085018555446,18.516618050428416,19.38047270657991,16.882529408453,18.392715801567995,0.07991335408637221,0.07259447665821836,0.08118344709084772,0.07367557560216485,0.06111818533291674,0.06188835752194088,0.06220009993604687,0.06277703911121724,0.05593137335899475,0.05524387761373723,0.05678256110890569,0.05568140689595665,0.5075435359901426,0.4484844880185781,0.517120651541346,0.45679823363567407,0.3544650372784533,0.36052646730645915,0.36356364876092423,0.36788632288261436,0.3046921920754171,0.29769596189349484,0.3116704164180523,0.301733048766814,0.006386144161333902,0.00526995804128061,0.0065907520815524714,0.005428090440310308,0.003735432578388759,0.0038301687967635762,0.003868852432054218,0.003940956639571299,0.003128318525823268,0.0030518860138015773,0.0032242592460866096,0.0031004190739130893,tynk
1.4133984480889075,1.7484803409642213,1.3616978005372273,1.6869397741451067,2.577057343375316,2.514310272148484,2.4672603187839663,2.427374953411994,3.080494765936317,3.1622609881938684,2.961271380565937,3.0933894620901508,0.9652249246953598,0.9478541368238468,0.9679289362030757,0.9519422794259053,0.8868427730750942,0.8918156016588763,0.8976747473175344,0.9000846893002954,0.8461406618205461,0.8386259869032276,0.8595555938918653,0.8468503736747692,4.191673217674147,6.2816993981863165,3.864849643293715,5.789224124235039,13.628957746736724,13.0192196888074,12.3158067397523,12.024085018555446,18.516618050428416,19.38047270657991,16.882529408453,18.392715801567995,0.07991335408637221,0.07259447665821836,0.08118344709084772,0.07367557560216485,0.06111818533291674,0.06188835752194088,0.06220009993604687,0.06277703911121724,0.05593137335899475,0.05524387761373723,0.05678256110890569,0.05568140689595665,0.5075435359901426,0.4484844880185781,0.517120651541346,0.45679823363567407,0.3544650372784533,0.36052646730645915,0.36356364876092423,0.36788632288261436,0.3046921920754171,0.29769596189349484,0.3116704164180523,0.301733048766814,0.006386144161333902,0.00526995804128061,0.0065907520815524714,0.005428090440310308,0.003735432578388759,0.0038301687967635762,0.003868852432054218,0.003940956639571299,0.003128318525823268,0.0030518860138015773,0.0032242592460866096,0.0031004190739130893,tynk
1.4133984480889075,1.7484803409642213,1.3616978005372273,1.6869397741451067,2.577057343375316,2.514310272148484,2.4672603187839663,2.427374953411994,3.080494765936317,3.1622609881938684,2.961271380565937,3.0933894620901508,0.9652249246953598,0.9478541368238468,0.9679289362030757,0.9519422794259053,0.8868427730750942,0.8918156016588763,0.8976747473175344,0.9000846893002954,0.8461406618205461,0.8386259869032276,0.8595555938918653,0.8468503736747692,4.191673217674147,6.2816993981863165,3.864849643293715,5.789224124235039,13.628957746736724,13.0192196888074,12.3158067397523,12.024085018555446,18.516618050428416,19.38047270657991,16.882529408453,18.392715801567995,0.07991335408637221,0.07259447665821836,0.08118344709084772,0.07367557560216485,0.06111818533291674,0.06188835752194088,0.06220009993604687,0.06277703911121724,0.05593137335899475,0.05524387761373723,0.05678256110890569,0.05568140689595665,0.5075435359901426,0.4484844880185781,0.517120651541346,0.45679823363567407,0.3544650372784533,0.36052646730645915,0.36356364876092423,0.36788632288261436,0.3046921920754171,0.29769596189349484,0.3116704164180523,0.301733048766814,0.006386144161333902,0.00526995804128061,0.0065907520815524714,0.005428090440310308,0.003735432578388759,0.0038301687967635762,0.003868852432054218,0.003940956639571299,0.003128318525823268,0.0030518860138015773,0.0032242592460866096,0.0031004190739130893,tynk
1.4133984480889075,1.7484803409642213,1.3616978005372273,1.6869397741451067,2.577057343375316,2.514310272148484,2.4672603187839663,2.427374953411994,3.080494765936317,3.1622609881938684,2.961271380565937,3.0933894620901508,0.9652249246953598,0.9478541368238468,0.9679289362030757,0.9519422794259053,0.8868427730750942,0.8918156016588763,0.8976747473175344,0.9000846893002954,0.8461406618205461,0.8386259869032276,0.8595555938918653,0.8468503736747692,4.191673217674147,6.2816993981863165,3.864849643293715,5.789224124235039,13.628957746736724,13.0192196888074,12.3158067397523,12.024085018555446,18.516618050428416,19.38047270657991,16.882529408453,18.392715801567995,0.07991335408637221,0.07259447665821836,0.08118344709084772,0.07367557560216485,0.06111818533291674,0.06188835752194088,0.06220009993604687,0.06277703911121724,0.05593137335899475,0.05524387761373723,0.05678256110890569,0.05568140689595665,0.5075435359901426,0.4484844880185781,0.517120651541346,0.45679823363567407,0.3544650372784533,0.36052646730645915,0.36356364876092423,0.36788632288261436,0.3046921920754171,0.29769596189349484,0.3116704164180523,0.301733048766814,0.006386144161333902,0.00526995804128061,0.0065907520815524714,0.005428090440310308,0.003735432578388759,0.0038301687967635762,0.003868852432054218,0.003940956639571299,0.003128318525823268,0.0030518860138015773,0.0032242592460866096,0.0031004190739130893,tynk
1.4133984480889075,1.7484803409642213,1.3616978005372273,1.6869397741451067,2.577057343375316,2.514310272148484,2.4672603187839663,2.427374953411994,3.080494765936317,3.1622609881938684,2.961271380565937,3.0933894620901508,0.9652249246953598,0.9478541368238468,0.9679289362030757,0.9519422794259053,0.8868427730750942,0.8918156016588763,0.8976747473175344,0.9000846893002954,0.8461406618205461,0.8386259869032276,0.8595555938918653,0.8468503736747692,4.191673217674147,6.2816993981863165,3.864849643293715,5.789224124235039,13.628957746736724,13.0192196888074,12.3158067397523,12.024085018555446,18.516618050428416,19.38047270657991,16.882529408453,18.392715801567995,0.07991335408637221,0.07259447665821836,0.08118344709084772,0.07367557560216485,0.06111818533291674,0.06188835752194088,0.06220009993604687,0.06277703911121724,0.05593137335899475,0.05524387761373723,0.05678256110890569,0.05568140689595665,0.5075435359901426,0.4484844880185781,0.517120651541346,0.45679823363567407,0.3544650372784533,0.36052646730645915,0.36356364876092423,0.36788632288261436,0.3046921920754171,0.29769596189349484,0.3116704164180523,0.301733048766814,0.006386144161333902,0.00526995804128061,0.0065907520815524714,0.005428090440310308,0.003735432578388759,0.0038301687967635762,0.003868852432054218,0.003940956639571299,0.003128318525823268,0.0030518860138015773,0.0032242592460866096,0.0031004190739130893,tynk
1.4133984480889075,1.7484803409642213,1.3616978005372273,1.6869397741451067,2.577057343375316,2.514310272148484,2.4672603187839663,2.427374953411994,3.080494765936317,3.1622609881938684,2.961271380565937,3.0933894620901508,0.9652249246953598,0.9478541368238468,0.9679289362030757,0.9519422794259053,0.8868427730750942,0.8918156016588763,0.8976747473175344,0.9000846893002954,0.8461406618205461,0.8386259869032276,0.8595555938918653,0.8468503736747692,4.191673217674147,6.2816993981863165,3.864849643293715,5.789224124235039,13.628957746736724,13.0192196888074,12.3158067397523,12.024085018555446,18.516618050428416,19.38047270657991,16.882529408453,18.392715801567995,0.07991335408637221,0.07259447665821836,0.08118344709084772,0.07367557560216485,0.06111818533291674,0.06188835752194088,0.06220009993604687,0.06277703911121724,0.05593137335899475,0.05524387761373723,0.05678256110890569,0.05568140689595665,0.5075435359901426,0.4484844880185781,0.517120651541346,0.45679823363567407,0.3544650372784533,0.36052646730645915,0.36356364876092423,0.36788632288261436,0.3046921920754171,0.29769596189349484,0.3116704164180523,0.301733048766814,0.006386144161333902,0.00526995804128061,0.0065907520815524714,0.005428090440310308,0.003735432578388759,0.0038301687967635762,0.003868852432054218,0.003940956639571299,0.003128318525823268,0.0030518860138015773,0.0032242592460866096,0.0031004190739130893,tynk
1.4133984480889075,1.7484803409642213,1.3616978005372273,1.6869397741451067,2.577057343375316,2.514310272148484,2.4672603187839663,2.427374953411994,3.080494765936317,3.1622609881938684,2.961271380565937,3.0933894620901508,0.9652249246953598,0.9478541368238468,0.9679289362030757,0.9519422794259053,0.8868427730750942,0.8918156016588763,0.8976747473175344,0.9000846893002954,0.8461406618205461,0.8386259869032276,0.8595555938918653,0.8468503736747692,4.191673217674147,6.2816993981863165,3.864849643293715,5.789224124235039,13.628957746736724,13.0192196888074,12.3158067397523,12.024085018555446,18.516618050428416,19.38047270657991,16.882529408453,18.392715801567995,0.07991335408637221,0.07259447665821836,0.08118344709084772,0.07367557560216485,0.06111818533291674,0.06188835752194088,0.06220009993604687,0.06277703911121724,0.05593137335899475,0.05524387761373723,0.05678256110890569,0.05568140689595665,0.5075435359901426,0.4484844880185781,0.517120651541346,0.45679823363567407,0.3544650372784533,0.36052646730645915,0.36356364876092423,0.36788632288261436,0.3046921920754171,0.29769596189349484,0.3116704164180523,0.301733048766814,0.006386144161333902,0.00526995804128061,0.0065907520815524714,0.005428090440310308,0.003735432578388759,0.0038301687967635762,0.003868852432054218,0.003940956639571299,0.003128318525823268,0.0030518860138015773,0.0032242592460866096,0.0031004190739130893,tynk
1.4133984480889075,1.7484803409642213,1.3616978005372273,1.6869397741451067,2.577057343375316,2.514310272148484,2.4672603187839663,2.427374953411994,3.080494765936317,3.1622609881938684,2.961271380565937,3.0933894620901508,0.9652249246953598,0.9478541368238468,0.9679289362030757,0.9519422794259053,0.8868427730750942,0.8918156016588763,0.8976747473175344,0.9000846893002954,0.8461406618205461,0.8386259869032276,0.8595555938918653,0.8468503736747692,4.191673217674147,6.2816993981863165,3.864849643293715,5.789224124235039,13.628957746736724,13.0192196888074,12.3158067397523,12.024085018555446,18.516618050428416,19.38047270657991,16.882529408453,18.392715801567995,0.07991335408637221,0.07259447665821836,0.08118344709084772,0.07367557560216485,0.06111818533291674,0.06188835752194088,0.06220009993604687,0.06277703911121724,0.05593137335899475,0.05524387761373723,0.05678256110890569,0.05568140689595665,0.5075435359901426,0.4484844880185781,0.517120651541346,0.45679823363567407,0.3544650372784533,0.36052646730645915,0.36356364876092423,0.36788632288261436,0.3046921920754171,0.29769596189349484,0.3116704164180523,0.301733048766814,0.006386144161333902,0.00526995804128061,0.0065907520815524714,0.005428090440310308,0.003735432578388759,0.0038301687967635762,0.003868852432054218,0.003940956639571299,0.003128318525823268,0.0030518860138015773,0.0032242592460866096,0.0031004190739130893,tynk
